observe,date,fit_top1,fit2_top1,fit3_top1,fit_top2,fit2_top2,fit3_top2,fit_top3,fit2_top3,fit3_top3
0,7/10/2012,6.464020283,6.676299032,6.81402845,14.91837237,21.96756243,19.34860404,12.85270016,17.5605865,16.6914332
1,14/10/2012,6.405044123,6.553468846,6.678459533,14.87945934,20.42894302,18.14966475,13.46060476,17.58443288,16.86440213
2,21/10/2012,5.59488039,5.685903713,5.801918617,12.76639749,17.53392506,15.62142878,12.50080925,16.28738127,15.67293034
3,28/10/2012,4.556117554,4.598338596,4.706191904,9.883558423,14.47861243,13.02032465,11.04088237,14.66706426,14.12837844
4,4/11/2012,4.203192866,4.200977513,4.297650087,8.345087913,12.89453225,11.97042806,10.55308227,14.02939501,13.56690836
5,11/11/2012,4.907367605,4.859143596,4.941463612,8.923719899,13.23082531,12.87198928,11.37459852,14.62117461,14.25460979
6,18/11/2012,6.035310562,5.938587619,6.00666788,10.469797,14.43089729,14.64232214,12.44027562,15.42459147,15.17121538
7,25/11/2012,6.568955036,6.425567054,6.481906342,11.27312658,15.05786393,15.87880251,12.45048861,15.23287798,15.09719997
8,2/12/2012,6.166445885,5.980955527,6.026817859,10.64642615,14.49743171,16.03850351,11.16661778,13.82636804,13.80609391
9,9/12/2012,5.477105998,5.250436686,5.284335039,9.139947289,13.04789021,14.27396483,9.545314645,12.09578963,12.1914294
10,16/12/2012,5.372398745,5.100110924,5.120079483,7.622781068,11.44957976,12.5218104,8.740487313,11.13382047,11.35011746
11,23/12/2012,6.000235218,5.67984709,5.686157255,6.571842593,10.23837094,11.27511472,9.101628332,11.30201063,11.64256561
12,30/12/2012,6.724441359,6.36373509,6.358397374,6.166742334,9.809581219,10.88195618,10.096861,12.12365247,12.5875326
13,6/1/2013,6.922303814,6.536682948,6.520569233,6.551146416,10.40837527,11.56018616,11.01355486,12.9072222,13.49113212
14,13/1/2013,6.631211595,6.230039909,6.201555433,7.633329923,11.83256681,13.1005569,11.58704483,13.35277363,14.05472922
15,20/1/2013,6.326543307,5.903345813,5.860242156,8.825959947,13.35386156,14.77911275,12.00405943,13.60901398,14.43004493
16,27/1/2013,6.237023226,5.777553382,5.719117397,9.462465056,14.3379243,15.9726516,12.49122673,13.91468651,14.86066578
17,3/2/2013,6.122609387,5.626271855,5.552784057,9.637155576,15.04198529,16.95190592,13.04005442,14.30732694,15.39313742
18,10/2/2013,5.748760072,5.242866055,5.172865174,10.31762102,14.92429711,16.56552977,13.50306549,14.46369022,15.39093656
19,17/2/2013,5.343736854,4.873460672,4.804024147,12.26879567,16.19339712,17.61955591,13.83249196,14.50348471,15.3031105
20,24/2/2013,5.366191619,4.969651762,4.898251952,14.93705446,18.1039257,19.33838091,14.14905806,14.50913099,15.20305225
21,3/3/2013,5.864838919,5.554988603,5.481184625,16.80211649,19.09749307,20.14317606,14.6007044,14.62784452,15.21929266
22,10/3/2013,6.305504066,6.074226768,5.99779959,17.04682381,18.48361908,19.34975098,15.20764636,14.91072004,15.38860056
23,17/3/2013,6.167582426,6.004093379,5.921861759,16.63347863,17.32803463,18.04383242,15.85783025,15.26210988,15.61517529
24,24/3/2013,5.595325595,5.498474119,5.405113034,17.34411947,17.35599226,17.94973441,16.43330716,15.54425788,15.77040658
25,31/3/2013,5.258555025,5.232799361,5.126822974,19.71990258,18.97362496,19.43095812,16.93325111,15.73054881,15.83272641
26,7/4/2013,5.54456848,5.588982452,5.477857508,22.2909356,20.67568548,21.0995951,17.48082359,15.95071666,15.92685183
27,14/4/2013,6.061078634,6.16575059,6.063937905,23.11457957,20.62025493,20.88223578,18.19766101,16.3585579,16.19948655
28,21/4/2013,6.077003159,6.23173308,6.151858328,21.94440249,18.65471926,18.62329998,19.04157635,16.92730552,16.62573225
29,28/4/2013,5.380206977,5.583705033,5.529931439,20.5555998,16.51743932,16.09022263,19.77232792,17.39503476,16.95403467
30,5/5/2013,4.516516033,4.775800833,4.745856691,20.86397876,16.01221544,15.11197372,20.14103519,17.48178664,16.91125089
31,12/5/2013,4.135903657,4.457841201,4.450392373,22.9971337,17.22507413,15.77283578,20.17116024,17.20624148,16.51018838
32,19/5/2013,4.258847731,4.644223659,4.662075397,25.42305534,18.68274011,16.57920625,20.21644491,16.93784181,16.10652495
33,26/5/2013,4.342201349,4.787605372,4.832412954,26.76700699,19.04806873,16.18093169,20.62726309,17.02658247,16.04145174
34,2/6/2013,4.013306375,4.515442512,4.580291512,27.09252314,19.90282927,17.41296913,21.30619801,17.89770426,16.9584179
35,9/6/2013,3.53381341,4.088634862,4.158178133,27.33179644,20.48450913,18.30176205,21.64880061,18.37908241,17.47655695
36,16/6/2013,3.439999827,4.037399314,4.096910102,27.90314418,21.2304522,19.31735763,21.13955188,17.9824975,17.11158261
37,23/6/2013,3.856414864,4.478539968,4.522924185,28.35992713,21.83207676,20.16946256,20.00283333,16.98399334,16.1401768
38,30/6/2013,4.357593265,4.985431489,5.019097231,28.31923241,21.98400519,20.55128146,19.16121901,16.3234249,15.50541591
39,7/7/2013,4.516562981,5.139501491,5.168125062,28.1618207,21.95638774,20.71906919,19.35691618,16.70429086,15.91709917
40,14/7/2013,4.406358257,5.025308131,5.049031864,28.40899248,22.08465302,20.99809856,20.28419321,17.7754576,17.02544304
41,21/7/2013,4.422225316,5.043445897,5.058315381,28.64708195,21.92788513,20.9567562,20.75122556,18.3534407,17.63757687
42,28/7/2013,4.696758193,5.322689898,5.327136848,27.6710484,20.47046445,19.60996969,19.86893407,17.60143849,16.90347227
43,4/8/2013,4.896775191,5.521728795,5.519741233,24.96309446,18.61492494,17.86854044,18.07637402,16.11640905,15.61066514
44,11/8/2013,4.666659196,5.278862014,5.276611126,21.69292606,16.30575722,15.71564915,16.7791501,15.12254617,14.80002495
45,18/8/2013,4.128371398,4.71415621,4.71508305,19.75629832,15.29147308,14.88519399,16.91935872,15.50124482,15.36432588
46,25/8/2013,3.78279497,4.329376924,4.333863273,19.7517135,16.14364438,15.92648974,17.90183545,16.67182888,16.72038206
47,1/9/2013,3.946499612,4.443569606,4.452707779,20.27942348,17.65405499,17.6271477,18.14518989,17.1438349,17.36437307
48,8/9/2013,4.450602338,4.891808212,4.909449993,19.52682892,18.16552993,18.3437983,16.75663218,16.08023319,16.45530648
49,15/9/2013,4.95157558,5.334752586,5.364694209,17.36854812,17.34499251,17.74480407,14.56000534,14.22424718,14.75585213
50,22/9/2013,5.378953066,5.703688487,5.745646931,15.50020326,16.36573511,16.96622758,13.32615767,13.17487035,13.89574103
51,29/9/2013,5.886606711,6.151064641,6.185343412,15.40481892,16.34837607,17.05917756,13.97811116,13.75420584,14.52726248
52,6/10/2013,6.399517154,6.600569462,6.624028938,16.53000022,16.96180345,17.67088246,15.63301641,15.1891834,16.03787939
53,13/10/2013,6.468610755,6.605893573,6.619818111,16.82857956,16.84682263,17.47947145,16.53780336,15.95522666,16.86254023
54,20/10/2013,5.77668974,5.855705619,5.863922043,15.04759643,15.32311126,15.89073814,15.84288134,15.36014199,16.28357461
55,27/10/2013,4.711587019,4.741040453,4.745115232,12.13927731,13.34212706,13.92602899,14.37722353,14.19571787,15.10098487
56,3/11/2013,4.181543533,4.166896381,4.164313354,10.24443052,12.5908315,13.2769455,13.66970837,13.82847093,14.71071516
57,10/11/2013,4.716592194,4.657112121,4.644388958,10.48373055,13.80463056,14.63296746,14.32947751,14.75412222,15.63124614
58,17/11/2013,5.847222845,5.740082642,5.716672001,11.99183396,16.14190056,17.11799681,15.48582037,16.12800692,17.01899818
59,24/11/2013,6.542585185,6.388727341,6.356951287,13.02017138,17.00189968,17.5948829,15.77277924,16.30388707,17.08139118
60,1/12/2013,6.283050807,6.086988865,6.04855845,12.6351662,16.70169713,17.00922417,14.70523388,15.20890326,15.87102733
61,8/12/2013,5.572409348,5.336100114,5.289940193,11.21730047,15.46111211,15.64017256,13.07847847,13.58258954,14.12893925
62,15/12/2013,5.32408301,5.043731077,4.987710579,9.653042654,13.95449301,14.17045164,12.10163157,12.56465786,12.99952959
63,22/12/2013,5.852846144,5.524859648,5.458774417,8.502274106,12.75329532,13.13354847,12.30485319,12.68357373,13.01118027
64,29/12/2013,6.618374214,6.248477915,6.17421815,7.97055237,12.27018973,12.89318637,13.27488639,13.57931191,13.79950567
65,5/1/2014,6.928876156,6.531930838,6.450761716,8.208372726,12.79354326,13.70624937,14.27178642,14.54332295,14.65292915
66,12/1/2014,6.69389248,6.281419818,6.19212825,9.195284319,14.22318719,15.46254139,14.9312565,15.1837084,15.18032624
67,19/1/2014,6.360165035,5.928514787,5.828764226,10.42612145,15.89938025,17.50512463,15.3849778,15.58941559,15.47346002
68,26/1/2014,6.239671388,5.780535188,5.681769956,11.18572323,15.7138955,17.01604068,15.8869056,16.01231517,15.78853148
69,2/2/2014,6.155804324,5.664609081,5.567097291,11.38849764,15.12447759,16.18659118,16.46899717,16.53266866,16.21400744
70,9/2/2014,5.826371395,5.325099533,5.228153125,11.8973287,15.09471316,15.98723616,16.99023117,17.03812183,16.64888239
71,16/2/2014,5.39156376,4.923797308,4.824715477,13.61794552,16.42789156,17.20885494,17.37258944,17.42925525,17.00043685
72,23/2/2014,5.315198063,4.92216195,4.818146339,16.26004296,18.63440573,19.33263925,17.71290808,17.76200595,17.31814913
73,2/3/2014,5.755512705,5.455023705,5.345289643,18.37236349,20.18883742,20.80912855,18.16828542,18.18460732,17.73240451
74,9/3/2014,6.256268106,6.042776775,5.927331325,18.88691848,20.13107429,20.67970388,18.78723493,18.77380834,18.30379549
75,16/3/2014,6.23416517,6.09603867,5.972342838,18.45707579,19.23725086,19.74035497,19.47431996,19.45625549,18.95619517
76,23/3/2014,5.696555971,5.630802037,5.505922523,18.86802726,19.26471085,19.75348294,20.10594512,20.08973632,19.64251762
77,30/3/2014,5.269966783,5.280882846,5.152131619,21.0048256,20.96375271,21.43422167,20.6513396,20.61959496,20.22802449
78,6/4/2014,5.451469405,5.539491631,5.412743452,23.7023276,23.1070839,23.4903101,21.21754938,21.15254062,20.81596912
79,13/4/2014,5.982495254,6.138897512,6.027925753,24.92457816,23.74225678,23.91526255,21.93933733,21.85368013,21.56378129
80,20/4/2014,6.127283842,6.34107619,6.259509468,24.0227507,22.32836058,22.15698923,22.81213369,22.73971318,22.48801537
81,27/4/2014,5.534911494,5.802917702,5.756550637,22.50377348,20.36025592,19.73613822,23.6234511,23.5822425,23.36982015
82,4/5/2014,4.644047319,4.972319724,4.95952518,22.43548054,19.79624412,18.63936655,24.10428828,24.07963681,23.91599139
83,11/5/2014,4.152629838,4.548701757,4.567506708,24.32667415,21.08341139,19.3170986,24.21461499,24.18132133,24.07242272
84,18/5/2014,4.217199506,4.683010747,4.735652019,26.8327045,23.52134852,22.05449019,24.26616825,24.31827293,24.27866654
85,25/5/2014,4.350195141,4.882715037,4.971679359,28.41053114,25.02162629,23.74267435,24.64357634,24.77512047,24.78701912
86,1/6/2014,4.093888395,4.689661156,4.809861013,28.856303,25.32537762,24.12940429,25.34375,25.52466952,25.57069067
87,8/6/2014,3.600094166,4.255556307,4.39266807,29.0522515,25.20524783,24.01586344,25.83055095,26.00776264,26.07760621
88,15/6/2014,3.409712993,4.11617951,4.254547738,29.58069214,25.23455294,24.00916243,25.51692404,25.65620916,25.7443977
89,22/6/2014,3.754933333,4.49567657,4.628175278,30.10418789,25.20276348,23.92039198,24.47023378,24.58878107,24.69066077
90,29/6/2014,4.281645762,5.03711374,5.166926369,30.14680215,24.7369109,23.37849666,23.53505817,23.67709382,23.79044969
91,6/7/2014,4.512828581,5.270396409,5.403650752,29.960369,24.01088199,22.54468016,23.56573795,23.74490827,23.87369924
92,13/7/2014,4.423537918,5.182285899,5.320261608,30.13115406,23.42096401,21.80306546,24.46968319,24.65002602,24.80113067
93,20/7/2014,4.392856706,5.158795504,5.297598556,30.45326711,24.48505681,23.03517343,25.14516077,25.28724961,25.45997349
94,27/7/2014,4.635104399,5.411878958,5.549092209,29.77555328,24.42003105,23.12693914,24.54908661,24.66274121,24.84282492
95,3/8/2014,4.882464858,5.665832684,5.804539229,27.34093968,22.68698173,21.57470085,22.85350125,22.98215693,23.14954302
96,10/8/2014,4.736945553,5.515907383,5.662306365,24.028115,20.20163128,19.31221446,21.38799387,21.53957575,21.68279782
97,17/8/2014,4.221397554,4.982363895,5.140581654,21.75103666,18.73853197,18.10354659,21.29169657,21.40869564,21.52884487
98,24/8/2014,3.805454455,4.535354095,4.706095546,21.45774816,19.18047156,18.80841441,22.25495471,22.27703762,22.37562352
99,31/8/2014,3.877587356,4.565556314,4.749508369,22.04561715,20.58691155,20.47783873,22.7618232,22.71180549,22.77770593
100,7/9/2014,4.348323616,4.987221071,5.187821364,21.59875127,21.23226206,21.39845082,21.67827653,21.65100953,21.66588
101,14/9/2014,4.866033147,5.4524219,5.642215466,19.60375149,20.47065203,20.93069606,19.52471522,19.56059085,19.52140791
102,21/9/2014,5.296464304,5.829884563,6.009464512,17.53819822,19.28804735,20.03054333,18.02890038,18.00210753,17.93658325
103,28/9/2014,5.783011514,6.26200982,6.427716241,17.10209639,18.95260186,19.90669968,18.37655601,18.04081532,17.99447133
104,5/10/2014,6.320564179,6.742019556,6.89017112,18.14542107,19.42122506,20.47589972,19.9961019,19.17191232,19.17433193
105,12/10/2014,6.505778402,6.868491485,6.999557451,18.74003888,19.40584371,20.47472801,21.1603611,19.88739306,19.92863907
106,19/10/2014,5.944949929,6.253382574,6.371082131,17.32742182,17.98710342,19.06534784,20.75170965,19.25353533,19.29332122
107,26/10/2014,4.88519882,5.147932819,5.254520662,14.47136824,15.83992186,17.00042295,19.32592011,17.82416408,17.82445627
108,2/11/2014,4.19687351,4.420361119,4.513936529,12.26146464,14.64722585,15.98012922,18.41172146,16.97575506,16.92615172
109,9/11/2014,4.588753718,4.7310185,4.8079278,12.13313277,14.82126423,15.87742696,18.87135903,17.4368188,17.34360141
110,16/11/2014,5.728168096,5.786257627,5.845289301,13.5451605,16.35727366,17.14480123,20.06286441,18.5679546,18.45138162
111,23/11/2014,6.609352528,6.583311634,6.626485581,14.77021502,17.78476724,18.32397541,20.59246977,19.06803988,18.9371814
112,30/11/2014,6.552978315,6.447048385,6.476445317,14.64445929,18.11478359,18.49002672,19.75153718,18.28227455,18.13600182
113,7/12/2014,5.895471756,5.712520852,5.727541198,13.34872855,17.40975665,17.7705154,18.1434088,16.77127686,16.60839417
114,14/12/2014,5.556537345,5.293621828,5.292077199,11.75783407,16.31645456,16.83073983,16.99441366,15.68668215,15.51085924
115,21/12/2014,6.00902595,5.661773299,5.642989404,10.5154502,15.44161863,16.24554298,17.00689443,15.71487708,15.5307873
116,28/12/2014,6.833743847,6.405826326,6.371474379,9.86508035,15.21771927,16.39769479,17.90834012,16.63187236,16.44020738
117,4/1/2015,7.397325211,6.801793322,6.75346535,9.977624928,14.51077992,15.43599238,18.95592663,17.73514473,17.52154365
118,11/1/2015,7.377888507,6.627995881,6.564910592,10.87324491,14.77105915,15.47903567,19.68913561,18.54593353,18.30763895
119,18/1/2015,7.169200057,6.264266842,6.184087751,12.13763346,15.42418467,15.9535522,20.17086188,19.08184596,18.81869591
120,25/1/2015,7.153916866,6.080355375,5.981711741,13.03723361,15.69641706,16.09478763,20.66250379,19.59625651,19.31202213
121,1/2/2015,7.232964449,5.98281717,5.8658812,13.3190809,15.4729593,15.80154337,21.24657893,20.21180589,19.91762897
122,8/2/2015,7.095775188,5.685903589,5.550318466,13.70982393,15.60769893,15.93686409,21.79720098,20.83827016,20.55646438
123,15/2/2015,6.791023913,5.262587952,5.105944471,15.21144271,17.03610323,17.42770076,22.20992547,21.35824774,21.11941789
124,22/2/2015,6.764950161,5.161555546,4.980863479,17.79719285,19.53251713,20.02100221,22.55349112,21.79883809,21.62975098
125,1/3/2015,7.273950664,5.618291603,5.412380173,20.13931267,21.66095796,22.25387074,22.98821269,22.30351603,22.21438257
126,8/3/2015,8.082846319,6.451947657,6.25574803,21.05786658,22.23369133,22.64975723,23.58976278,22.97197152,22.94835917
127,15/3/2015,8.445575156,6.827464223,6.639065521,20.78627215,21.7111456,21.97293416,24.28325304,23.75598818,23.78505994
128,22/3/2015,8.233795423,6.623512062,6.437871851,21.04094912,21.81246338,21.95302105,24.93541563,24.51433219,24.59049348
129,29/3/2015,8.004078377,6.405353893,6.218795073,23.00966682,23.59741662,23.62212043,25.49530114,25.16695312,25.29250648
130,5/4/2015,8.340866015,6.755563745,6.572222679,25.87343588,26.16067201,26.01268881,26.05026441,25.79406005,25.96962034
131,12/4/2015,9.129177118,7.550005086,7.382687776,27.58287,27.51472579,27.07808541,26.74241485,26.56484996,26.7831987
132,19/4/2015,9.659288555,8.074824693,7.937893645,27.11393969,26.75235859,25.89148165,27.60222831,27.53590462,27.78774333
133,26/4/2015,9.45587152,7.861099017,7.761997647,25.6487828,25.06927106,23.66987557,28.45000686,28.51813851,28.80250539
134,3/5/2015,8.893177642,7.231183453,7.169183035,25.50884448,24.54537108,23.39629548,29.0066168,29.19964673,29.49389524
135,10/5/2015,8.626856038,6.90559378,6.878246284,27.39801813,25.94465536,24.97075276,29.17307947,29.46524478,29.77695467
136,17/5/2015,8.946009581,7.168605645,7.177439026,30.2166212,28.19883662,27.30863141,29.20400383,29.58158056,29.90601833
137,24/5/2015,9.442873681,7.606847871,7.654899943,32.30906108,29.71437711,28.79786813,29.50772106,29.96610769,30.28663528
138,31/5/2015,9.595320591,7.697070859,7.781017364,33.19390071,29.97563444,28.92479504,30.17787634,30.69263376,30.99104411
139,7/6/2015,9.437270006,7.473532904,7.580348987,33.65323982,29.6536923,28.38607426,30.7552389,31.27510394,31.53978459
140,14/6/2015,9.489188919,7.452589472,7.566036096,34.4117056,29.43752941,27.90498641,30.60615701,31.08999442,31.31498949
141,21/6/2015,10.08107061,7.956183248,8.067162337,35.27020382,29.23809584,27.41718786,29.64591302,30.10170249,30.28227936
142,28/6/2015,10.95572794,8.932163595,9.01234968,35.89588188,30.34463962,28.79442477,28.61456648,29.08586647,29.2190349
143,5/7/2015,11.59791737,9.661205145,9.716904357,36.19326098,31.11935681,29.81084058,28.44478356,28.95406898,29.04263552
144,12/7/2015,11.88284608,10.03006764,10.06369885,36.77217845,31.98636849,30.87695668,29.25431689,29.77260788,29.82359886
145,19/7/2015,12.15286522,10.38946585,10.39788206,37.62629001,32.83402644,31.88227964,30.0681264,30.55198074,30.56681272
146,26/7/2015,12.69259458,11.02324009,11.0033252,37.70756202,32.73887142,31.92741134,29.73051373,30.17970584,30.14638175
147,2/8/2015,13.31229367,11.73423636,11.68808009,36.06479054,30.97781566,30.32494602,28.1548611,28.61135441,28.50976818
148,9/8/2015,13.59144018,12.09459935,12.02824257,33.26524089,28.19680566,27.74347456,26.53774863,27.0204348,26.83679871
149,16/8/2015,13.45468274,12.02564557,11.94385437,31.17011042,26.1345304,25.91588231,26.1709192,26.63185471,26.36553839
150,23/8/2015,13.32140795,11.94686584,11.85079395,31.03798148,25.95169326,25.97995563,27.03837502,27.41039266,27.06406874
151,30/8/2015,13.63782456,12.46018883,12.34007665,32.24062537,27.01203095,27.2869531,27.74526455,28.10002688,27.75180975
152,6/9/2015,14.4018651,13.4132318,13.27202974,32.70375205,27.58758876,28.11862423,26.96116895,27.38764957,27.01909225
153,13/9/2015,15.27126126,14.46810935,14.31017027,31.54500612,26.73911917,27.54581922,24.88755357,25.44684889,25.05046975
154,20/9/2015,16.05012365,15.43182698,15.25859372,29.96320846,25.21710672,26.29645938,23.14776508,23.74592045,23.3439761
155,27/9/2015,16.85567912,16.42113957,16.22950433,29.80178218,24.38057393,25.67264622,23.15469136,23.55554072,23.19258936
156,4/10/2015,17.74320049,17.48943106,17.27531944,31.31559013,24.47694218,25.87394163,24.66210451,24.65927781,24.37021279
157,11/10/2015,18.36939675,18.29449903,18.05753249,32.77161618,24.34669205,25.75256378,26.03064097,25.62105785,25.40334747
158,18/10/2015,18.2869245,18.39426927,18.13789084,32.3676078,22.87485909,24.26836513,25.91174729,25.29748157,25.11418311
159,25/10/2015,17.60219449,17.90146483,17.68303933,30.25750115,20.41473485,21.73735362,24.56312778,23.98114143,23.7943055
160,1/11/2015,17.11859267,17.617086,17.4354152,28.40263481,18.60966148,19.95373191,23.45580951,23.00658273,22.80017443
161,8/11/2015,17.61230094,18.31136573,18.16277455,28.50727897,18.69328744,20.11749781,23.67536315,23.31016393,23.09618792
162,15/11/2015,18.98021785,19.87700013,19.75963956,30.38324831,20.3475735,21.86446999,24.83609416,24.48280478,24.28224043
163,22/11/2015,20.27841925,21.37211048,21.28758307,32.38614679,22.15572885,23.77873789,25.57181061,25.24399985,25.06833166
164,29/11/2015,20.69222452,21.98659183,21.93724997,33.14801391,22.96579983,24.76599478,24.9667377,24.74668393,24.59591441
165,6/12/2015,20.37528692,21.87394341,21.85970383,32.6255379,22.66507444,24.78280812,23.40763309,23.35029161,23.22259008
166,13/12/2015,20.21710456,21.9181087,21.93683817,31.64922352,21.85086863,24.45508449,22.09800401,22.18158352,22.07984462
167,20/12/2015,20.83308956,22.73162877,22.78258974,30.9422267,21.16147916,23.09744354,21.89732023,22.06996638,21.99914542
168,27/12/2015,21.94599527,24.0437772,24.12833376,30.79857032,21.0534108,22.41602411,22.69211192,22.94314973,22.90479723
169,3/1/2016,22.80864682,25.11819709,25.23818552,31.37268626,21.87430664,22.71904615,23.76279849,24.12911088,24.12069925
170,10/1/2016,23.07260218,25.6084305,25.76353197,32.74796521,23.70331352,24.06874394,24.56053129,25.07114327,25.08963453
171,17/1/2016,23.05590997,25.82032853,26.00829868,34.60443234,26.06342907,25.98730022,25.06745036,25.70586299,25.750549
172,24/1/2016,23.19508117,26.17582568,26.39498567,36.21865979,28.15703704,27.68489603,25.54337631,26.27531241,26.34909276
173,31/1/2016,23.47860147,26.66500358,26.91535336,37.18919089,29.69780619,28.8883823,26.11659651,26.94200542,27.05435673
174,7/2/2016,23.58836164,26.99215064,27.27360808,38.08224572,31.39915994,30.32215003,26.6847387,27.64464624,27.81581445
175,14/2/2016,23.48304275,27.14220012,27.45270099,39.94938674,34.28429636,33.00470602,27.1222071,28.25386098,28.51364425
176,21/2/2016,23.4084627,26.80929657,27.14544025,43.01674831,38.56278464,36.94674727,27.46316275,28.76677673,29.02000456
177,28/2/2016,23.86520126,27.03515046,27.39536284,46.12775753,42.76538575,40.82401135,27.86831912,29.31643829,29.57680245
178,6/3/2016,24.60010565,27.54052752,27.9249012,47.86389357,45.52676051,43.26257301,28.43829112,30.02186569,30.28452501
179,13/3/2016,24.98293659,27.68209658,28.08930214,48.2138604,46.9785118,44.41025817,29.12201721,30.86191217,31.11387436
180,20/3/2016,24.75674503,27.2077917,27.63317422,48.75744618,48.73387909,45.89497119,29.78574507,31.7016915,31.9355944
181,27/3/2016,24.38478317,26.59049691,27.0296191,50.93238314,52.11559499,49.01955433,30.35595818,32.43925437,32.65654829
182,3/4/2016,24.51286384,26.4762757,26.93157064,54.29292009,56.57118503,53.17338649,30.89750765,33.12594059,33.32828232
183,10/4/2016,25.1732571,26.8886914,27.371751,56.85600766,60.15444982,56.34729643,31.55412214,33.92803351,34.10951839
184,17/4/2016,25.55248364,27.12309623,27.48539147,57.26421096,61.9576314,59.14788951,32.38204869,34.79607953,34.99601803
185,24/4/2016,25.22983744,26.6488884,26.89946988,56.33079157,62.50311121,60.57087935,33.24367903,35.72544868,35.94089395
186,1/5/2016,24.37797885,25.64879095,25.7880602,56.19932336,63.84547908,62.702603,33.85946212,36.40513055,36.64358191
187,8/5/2016,23.70399537,24.83466218,24.85990071,58.09690982,67.11743855,66.68943224,34.07784474,36.66212404,36.9323768
188,15/5/2016,23.6201146,24.61493107,24.52687101,61.22082843,71.52913233,71.72841538,34.09269419,36.69871682,36.99861399
189,22/5/2016,23.81933188,24.67653773,24.47848638,63.8632282,75.44027117,76.15910229,34.31661516,36.94005966,37.25447974
190,29/5/2016,23.73906641,24.45496898,24.14524245,65.26709573,78.08110343,79.20916085,34.93116091,37.55291669,37.86310941
191,5/6/2016,23.2926902,23.8641639,23.43126108,66.06639198,79.97867722,81.4277395,35.56681662,38.13874858,38.43174042
192,12/6/2016,22.86586932,23.37672876,22.99172317,67.07428464,81.90957996,83.62561818,35.5640158,37.95142201,38.24926058
193,19/6/2016,22.96198503,23.39823075,23.05017816,68.27518551,83.92359434,85.88005399,34.70100163,36.90219602,37.20009098
194,26/6/2016,23.4160697,23.75808534,23.44697599,69.10716907,85.59473557,87.77407302,33.59162687,35.64747667,35.94182169
195,3/7/2016,23.7146165,23.94630364,23.67832327,69.53075033,86.87635887,89.25223408,33.21140715,35.1521153,35.44452391
196,10/7/2016,23.63592396,23.75225283,23.53090512,70.13842652,88.18747924,90.71910761,33.87809989,35.68299152,35.9802928
197,17/7/2016,23.46660869,23.47213948,23.29499502,71.10784401,89.56875804,92.21282307,34.77524195,36.39866024,36.70409735
198,24/7/2016,23.5465778,23.44677382,23.31020087,71.53347123,90.19929858,92.93267955,34.67825351,36.10991764,36.41393602
199,31/7/2016,23.77297385,23.56659435,23.47164111,70.32137399,89.21413473,92.04897849,33.24986987,34.52792433,34.81088102
200,7/8/2016,23.72349624,23.40152037,23.35388131,67.72043409,86.98057103,89.95573327,31.51223648,32.66491959,32.91095295
201,14/8/2016,23.22995221,22.90321934,22.853184,65.27874054,83.12421347,85.79173596,30.86027069,31.85086436,32.05727232
202,21/8/2016,22.64463212,22.29964969,22.24892615,64.70789238,81.05849906,83.43471888,31.56875809,32.32654905,32.49663898
203,28/8/2016,22.45447627,22.07942135,22.02821069,65.61602942,80.4761984,82.56136765,32.41444166,32.92675571,33.0545167
204,4/9/2016,22.74892676,22.33516801,22.2858919,66.11730476,79.71358405,81.51438314,31.92216077,32.26819557,32.33580695
205,11/9/2016,23.21281371,22.75607059,22.71312709,64.99795182,77.56985232,79.10565637,29.97079832,30.22782328,30.22401547
206,18/9/2016,23.59464319,23.09400393,23.05962524,63.12606412,74.52138124,75.79633634,28.02208842,28.12834721,28.06968056
207,25/9/2016,23.97167943,23.42634779,23.39810547,62.40918463,71.95685595,72.92220969,27.66526343,27.40066088,27.32962475
208,2/10/2016,24.44693655,23.85416392,23.82775665,63.49285684,70.4038295,70.95706107,28.98883462,28.12618795,28.08202066
209,9/10/2016,24.74735775,24.10469812,24.07890354,64.81014654,69.49724832,69.38828236,30.50035009,29.14500166,29.12612797
210,16/10/2016,24.395684,23.70540739,23.68323436,64.48365217,67.36367899,66.5551961,30.66629586,28.99286061,28.96673962
211,23/10/2016,23.36334308,22.63314049,22.61790715,62.25179741,64.07404297,62.61605869,29.4322178,27.68647324,27.61030109
212,30/10/2016,22.36142168,21.59925718,21.59052511,59.87465327,61.12623731,59.1110737,28.15525914,26.4684453,26.32064213
213,6/11/2016,22.24540534,21.45378366,21.44801051,59.26825461,59.94661589,57.44187706,28.10692804,26.45003758,26.2386143
214,13/11/2016,23.10059279,22.27698336,22.27173944,60.61388906,60.50864935,57.53297176,29.17504518,27.46944278,27.21546442
215,20/11/2016,24.07908629,23.22191949,23.21829162,62.41145575,61.49734194,58.05923562,30.07121284,28.31249001,28.02980946
216,27/11/2016,24.26050414,23.37290173,23.37339976,63.12462656,61.62386573,57.7815115,29.70190498,27.96647983,27.6565843
217,4/12/2016,23.60740305,22.69352309,22.69859532,62.46837701,60.58733388,56.47053774,28.21972029,26.57381895,26.23446902
218,11/12/2016,22.94326978,22.00226167,22.00994145,61.19393377,58.91187292,54.68869184,26.76469224,25.19918029,24.83238886
219,18/12/2016,23.00437408,22.03132081,22.04010489,60.09402215,57.2619181,53.08397951,26.33206012,24.79446373,24.40527033
220,25/12/2016,23.67077099,22.66557859,22.67645082,59.52520501,56.1211217,52.09220178,26.98094888,25.45027008,25.04106593
221,1/1/2017,24.21324927,23.1867832,23.20172935,59.64621613,55.85747496,52.03845589,28.04235015,26.55012612,26.11890569
222,8/1/2017,24.16513832,23.13265971,23.15183273,60.57261737,56.62350693,53.05450082,28.89099905,27.47203827,27.0155756
223,15/1/2017,23.74877255,22.71548793,22.73682666,62.07735397,58.04669335,54.76483023,29.41874714,28.06446293,27.58153247
224,22/1/2017,23.43418842,22.38971375,22.41127154,63.47273914,59.33496299,56.38391129,29.86939776,28.54452955,28.03725396
225,29/1/2017,23.30280461,22.23448923,22.25602884,64.23281896,60.0487559,57.48471578,30.41393097,29.10990803,28.58625324
226,5/2/2017,23.05027339,21.96485579,21.98649947,64.74723115,60.73740691,58.62888161,30.98113506,29.73402092,29.2121409
227,12/2/2017,22.55164845,21.48327297,21.50333575,66.0704227,62.46564579,60.88008618,31.43081355,30.28238445,29.79090696
228,19/2/2017,22.15696889,21.15152629,21.16690647,68.66063711,65.51728293,64.50024001,31.76766389,30.72234531,30.29112994
229,26/2/2017,22.26866245,21.35805671,21.36678473,71.57160645,68.78182663,68.34868876,32.1396826,31.17117527,30.81726407
230,5/3/2017,22.74890199,21.93868297,21.94072166,73.29658696,70.77214333,70.92483765,32.66917654,31.76283286,31.48427131
231,12/3/2017,22.98429669,22.26359596,22.25812286,73.49604518,71.29116073,72.04458425,33.33139726,32.50418807,32.28831098
232,19/3/2017,22.60187204,21.96209969,21.9449669,73.55205594,71.78378608,73.17052724,33.997064,33.27180452,33.10958714
233,26/3/2017,21.95248541,21.3951264,21.36137153,75.09030064,73.77938459,75.81977787,34.5727835,33.94605994,33.83778674
234,2/4/2017,21.7148819,21.24381477,21.19425298,78.05007849,77.09501194,79.7564673,35.0989123,34.54819945,34.49628837
235,9/4/2017,22.06590859,21.67718055,21.62198424,80.59111,79.89998223,83.08448426,35.715293,35.23503829,35.23503118
236,16/4/2017,22.43408554,22.11653642,22.07062918,81.07725575,80.67539232,84.24882184,36.51093399,36.12745278,36.16953045
237,23/4/2017,22.15882596,21.90417849,21.87811818,79.92307873,79.89820497,83.7355699,37.38106834,37.1253451,37.20470983
238,30/4/2017,21.26506425,21.07496372,21.07048104,79.19121795,79.55932955,83.56735632,38.05484524,37.92913825,38.05177683
239,7/5/2017,20.42000583,20.30238281,20.31672456,80.41676105,81.08881035,85.19273681,38.3359923,38.31658774,38.49207939
240,14/5/2017,20.14398557,20.1042322,20.1373046,83.13453693,84.01387055,88.12977441,38.35360232,38.42064018,38.64933739
241,21/5/2017,20.2474896,20.28472259,20.33983217,85.65024069,86.70831771,90.73133189,38.50887647,38.65730139,38.92593237
242,28/5/2017,20.15364876,20.26417882,20.34110671,86.94585876,88.16230898,91.98066022,39.05964277,39.27511462,39.564713
243,4/6/2017,19.65822361,19.83893035,19.92786641,87.46379934,88.7205721,92.24066661,39.73490961,39.97349205,40.26972962
244,11/6/2017,19.1696431,19.41530053,19.49993013,88.11349122,89.21260142,92.37429176,39.88373787,40.09486921,40.39032103
245,18/6/2017,19.16619239,19.46429577,19.53201677,89.03030993,89.83707904,92.61007358,39.15277707,39.32504927,39.61484483
246,25/6/2017,19.59232417,19.9237097,19.97263573,89.66599857,90.18805379,92.55469308,38.01343803,38.18313176,38.46320565
247,2/7/2017,19.95050016,20.29770526,20.33358873,89.83708207,90.10970262,92.04610451,37.44831328,37.65190791,37.92269691
248,9/7/2017,19.92977479,20.28560511,20.3129241,90.08047231,89.98491275,91.45249896,37.95790062,38.18394759,38.45177742
249,16/7/2017,19.74452884,20.11235719,20.12957218,90.73267346,89.98819954,90.94255414,38.90930396,39.11211346,39.38172098
250,23/7/2017,19.77206826,20.15789709,20.16106992,91.06200099,89.42985625,89.84264559,39.05458307,39.21431587,39.47867638
251,30/7/2017,20.00089307,20.40496087,20.39409375,89.88694299,87.34903942,87.22596885,37.82287272,37.97176406,38.21218805
252,6/8/2017,20.02759714,20.44207473,20.42233448,87.14439123,83.83697358,83.21385612,36.02760055,36.20121669,36.400106
253,13/8/2017,19.6007172,20.01289177,19.99004667,84.39533517,80.38906141,79.30626719,35.11434425,35.28824437,35.4405728
254,20/8/2017,18.99154316,19.38779822,19.36418998,83.35761698,78.58321247,77.06139807,35.6350244,35.73825161,35.84740762
255,27/8/2017,18.7086646,19.0767702,19.05255458,84.02377484,78.45322167,76.49396119,36.58150162,36.58520961,36.64764804
256,3/9/2017,18.93297437,19.26361498,19.24067685,84.63943968,78.4639985,76.07145705,36.39034437,36.36071579,36.35988118
257,10/9/2017,19.3934914,19.68159697,19.66423002,83.70963926,77.19613602,74.38855138,34.62610511,34.65171836,34.57331157
258,17/9/2017,19.79273861,20.03699745,20.02813228,81.73484872,74.82451637,71.6118502,32.53794304,32.58845467,32.44329301
259,24/9/2017,20.15687583,20.35671733,20.35470342,80.60501901,72.70435362,69.04895177,31.8343157,31.71092226,31.53841973
260,1/10/2017,20.62169107,20.77468303,20.77516868,81.32604636,71.62047447,67.42688353,32.93570424,32.39698601,32.23964822
261,2/10/2017,20.69047379,20.83649737,20.83706722,81.53572956,71.52200069,67.24205942,33.17885652,32.56820236,32.41502954
262,3/10/2017,20.75654138,20.89553579,20.89615885,81.75488369,71.42591964,67.05736031,33.42737371,32.74358826,32.59472115
263,4/10/2017,20.81836371,20.95027655,20.95093712,81.97654197,71.32751807,66.86818951,33.67538288,32.91802088,32.77346799
264,5/10/2017,20.874311,20.99910056,20.99979849,82.19361047,71.22203503,66.66993456,33.91709759,33.08647215,32.9461101
265,6/10/2017,20.92269862,21.04033605,21.04108659,82.39904913,71.10479727,66.4581008,34.14694981,33.2441258,33.10770208
266,7/10/2017,20.96183616,21.0723075,21.07314068,82.58605147,70.97135268,66.228442,34.35971592,33.38648848,33.25362668
267,8/10/2017,20.99007945,21.09338731,21.09434697,82.74821823,70.81759786,65.97708487,34.55063387,33.50949253,33.37969986
268,9/10/2017,21.00588383,21.10204881,21.1031912,82.87972052,70.63989672,65.70064379,34.71550859,33.60958802,33.48226491
269,10/10/2017,21.00785721,21.09691894,21.098311,82.97544808,70.43518669,65.39632291,34.85080341,33.68382177,33.55827345
270,11/10/2017,20.99481123,21.07682897,21.07854636,83.03113916,70.20106986,65.06200271,34.95371527,33.72990173,33.6053514
271,12/10/2017,20.96580894,21.04086174,21.04298655,83.04348841,69.93588663,64.69630885,35.02223206,33.74624512,33.62184854
272,13/10/2017,20.92020736,20.98839377,20.99101217,83.01023036,69.63877003,64.29866152,35.05517095,33.73200947,33.60687048
273,14/10/2017,20.85769359,20.91913084,20.92233058,82.93019626,69.30967922,63.86930396,35.05219672,33.68710577,33.56029261
274,15/10/2017,20.77831309,20.83313584,20.83700373,82.80334323,68.9494115,63.40930951,35.01382009,33.61219362,33.48275558
275,16/10/2017,20.68248916,20.73084778,20.7354672,82.63075479,68.55959262,62.92056711,34.941376,33.50865874,33.37564274
276,17/10/2017,20.5710326,20.61309104,20.61853961,82.41461337,68.14264562,62.40574571,34.83698265,33.37857331,33.24104018
277,18/10/2017,20.44514114,20.48107442,20.48742184,82.15814543,67.70173927,61.86823854,34.70348239,33.22464037,33.08168045
278,19/10/2017,20.30638829,20.33637967,20.34368577,81.86554085,67.24071758,61.31208898,34.54436615,33.05012375,32.90087148
279,20/10/2017,20.15670149,20.18093942,20.18925252,81.5418491,66.76401225,60.74189996,34.36368311,32.85876521,32.70241242
280,21/10/2017,19.99833004,20.01700493,20.02636057,81.19285478,66.27654055,60.16272928,34.1659382,32.65469098,32.49049872
281,22/10/2017,19.83380337,19.84710424,19.85752423,80.82493608,65.78359133,59.57997389,33.9559798,32.44231003,32.2696186
282,23/10/2017,19.66588036,19.67399157,19.68548348,80.44490994,65.29070222,58.99924598,33.73888045,32.22620646,32.04444358
283,24/10/2017,19.49749121,19.5005892,19.51314622,80.05986795,64.80353124,58.42624426,33.51981357,32.01102874,31.81971571
284,25/10/2017,19.33167296,19.32992322,19.34352444,79.67700724,64.32772621,57.86662373,33.30392907,31.80137843,31.60013421
285,26/10/2017,19.17150034,19.16505465,19.17966575,79.30346088,63.86879524,57.3258673,33.09623092,31.60170102,31.3902442
286,27/10/2017,19.02001391,19.00900786,19.02458212,78.94613186,63.43198163,56.80916255,32.90145948,31.41618149,31.19433023
287,28/10/2017,18.88014696,18.86469798,18.88117769,78.61153499,63.02214626,56.32128659,32.72398155,31.24864698,31.01631694
288,29/10/2017,18.7546536,18.73485935,18.75217746,78.30565045,62.64366039,55.86650195,32.56769034,31.10247889,30.85967929
289,30/10/2017,18.64603948,18.62197687,18.64005888,78.03379264,62.3003114,55.44846592,32.43591802,30.98053628,30.72736425
290,31/10/2017,18.5564975,18.52822214,18.54698821,77.80049723,61.99522352,55.07015537,32.33136248,30.88509238,30.62172586
291,1/11/2017,18.48784989,18.4553962,18.47476338,77.60942905,61.73079551,54.7338088,32.25603005,30.81778545,30.54447475
292,2/11/2017,18.44149866,18.40488049,18.42476494,77.46331267,61.50865633,54.44088669,32.21119527,30.77958518,30.49664347
293,3/11/2017,18.41838556,18.37759739,18.39791666,77.36388696,61.32963965,54.19205079,32.19737851,30.77077496,30.47856807
294,4/11/2017,18.41896301,18.3739816,18.3946568,77.31188436,61.19377749,53.98716258,32.21434169,30.79095051,30.48988618
295,5/11/2017,18.44317669,18.39396329,18.41492114,77.30703476,61.1003126,53.82530037,32.26110199,30.8390346,30.52955147
296,6/11/2017,18.49046057,18.43696347,18.45813812,77.34809328,61.04772897,53.70479441,32.33596297,30.91330729,30.59586395
297,7/11/2017,18.55974464,18.50190205,18.5232367,77.43289085,61.03379915,53.62327845,32.4365622,31.01145081,30.68651515
298,8/11/2017,18.6494752,18.58721839,18.60866659,77.55840553,61.05564691,53.57775626,32.55993384,31.13060787,30.79864691
299,9/11/2017,18.7576474,18.69090402,18.71243066,77.72085235,61.10982305,53.5646809,32.70258474,31.26745178,30.92892228
300,10/11/2017,18.88184937,18.81054673,18.83212867,77.91578886,61.19239229,53.58004449,32.86058184,31.41826666,31.07360661
301,11/11/2017,19.01931669,18.94338512,18.96501148,78.13823332,61.29902864,53.61947588,33.02964871,31.57903559,31.22865686
302,12/11/2017,19.16699618,19.08637211,19.10804417,78.38279195,61.42511665,53.67834346,33.20526886,31.74553479,31.38981685
303,13/11/2017,19.32161712,19.236246,19.25797679,78.64379206,61.5658557,53.75186057,33.38279309,31.91343116,31.55271618
304,14/11/2017,19.47976836,19.38960722,19.41142071,78.9154172,61.71636482,53.83519051,33.55754859,32.07838121,31.71297048
305,15/11/2017,19.63797923,19.54299879,19.56492885,79.19184089,61.87178525,53.92354871,33.7249468,32.23612891,31.86628053
306,16/11/2017,19.79280219,19.69298855,19.71507754,79.46735567,62.02737821,54.01229957,33.88058783,32.38260014,32.0085281
307,17/11/2017,19.94089516,19.83625086,19.85854813,79.73649416,62.17861588,54.09704558,34.02035888,32.51399176,32.1358662
308,18/11/2017,20.07910131,19.9696459,19.99220598,79.99413946,62.32126321,54.17370707,34.14052448,32.62685316,32.2448019
309,19/11/2017,20.20452437,20.09029432,20.11317505,80.23562237,62.45144931,54.23859064,34.23780655,32.71815877,32.33226974
310,20/11/2017,20.31459734,20.19564533,20.21890598,80.45680345,62.56572673,54.28844534,34.30945269,32.78536969,32.3956944
311,21/11/2017,20.40714295,20.28353666,20.30723595,80.65413852,62.66111798,54.32050552,34.35329115,32.82648355,32.43304124
312,22/11/2017,20.48042429,20.35224456,20.37643881,80.82472648,62.73514866,54.33252006,34.36777166,32.84007148,32.44285386
313,23/11/2017,20.53318423,20.40052273,20.42526409,80.96633908,62.78586702,54.3227679,34.35199125,32.82530158,32.42427805
314,24/11/2017,20.56467264,20.42762914,20.45296402,81.07743272,62.8118503,54.29006017,34.30570489,32.78194879,32.37707176
315,25/11/2017,20.57466081,20.43334011,20.45930777,81.15714277,62.81219849,54.23372972,34.22932099,32.71039102,32.30160141
316,26/11/2017,20.56344259,20.41795118,20.4445826,81.20526158,62.78651631,54.15360908,34.12388217,32.61159202,32.19882458
317,27/11/2017,20.53182238,20.38226498,20.40958204,81.2222015,62.73488487,54.0499981,33.99103212,32.48707165,32.07026006
318,28/11/2017,20.48109023,20.32756628,20.35558119,81.20894481,62.65782436,53.92362301,33.83296958,32.33886457,31.91794607
319,29/11/2017,20.41298483,20.25558511,20.28430018,81.16698279,62.5562494,53.77558841,33.65239091,32.16946837,31.74438795
320,30/11/2017,20.32964533,20.16844878,20.19785653,81.09824602,62.43141904,53.60732432,33.45242275,31.98178288,31.55249678
321,1/12/2017,20.2335534,20.06862425,20.0987078,81.00502868,62.28488306,53.42052991,33.23654666,31.77904188,31.34552048
322,2/12/2017,20.12746704,19.95885237,19.98958611,80.88990922,62.1184265,53.21711609,33.00851769,31.56473935,31.1269692
323,3/12/2017,20.01434789,19.84207575,19.87342636,80.75566998,61.93401431,52.99914852,32.7722789,31.34255171,30.90053696
324,4/12/2017,19.89728417,19.72136224,19.75328983,80.6052183,61.73373758,52.76879298,32.53187397,31.11625824,30.67002115
325,5/12/2017,19.77941101,19.59982601,19.63228553,80.44151118,61.51976317,52.52826438,32.29135997,30.88966127,30.43924209
326,6/12/2017,19.6638306,19.48054834,19.51349113,80.26748568,61.2942877,52.27978092,32.05472222,30.66650813,30.21196429
327,7/12/2017,19.55353404,19.36650029,19.3998757,80.08599679,61.05949724,52.02552432,31.82579341,30.45041655,29.99182117
328,8/12/2017,19.45132709,19.26046909,19.29422615,79.89976409,60.81753334,51.76760679,31.60817839,30.24480505,29.78224496
329,9/12/2017,19.35976156,19.16499038,19.19907948,79.71132827,60.57046595,51.50804546,31.40518653,30.05282977,29.58640308
330,10/12/2017,19.28107441,19.08228785,19.11666233,79.52301818,60.32027334,51.24874408,31.21977278,29.87732898,29.40714233
331,11/12/2017,19.21713566,19.0142219,19.04883956,79.33692866,60.06882914,50.99148221,31.05448856,29.72077635,29.24694186
332,12/12/2017,19.16940686,18.96224852,18.99707294,79.15490888,59.81789592,50.73791113,30.91144343,29.58524356,29.10787579
333,13/12/2017,19.13891075,18.92738942,18.96239109,78.97856089,59.56912481,50.4895561,30.79227782,29.47237304,28.99158581
334,14/12/2017,19.12621293,18.91021403,18.94537125,78.80924737,59.32406035,50.24782383,30.69814738,29.38336091,28.89926433
335,15/12/2017,19.13141589,18.91083364,18.94613314,78.64810742,59.08414956,50.01401435,30.62971862,29.31895026,28.83164786
336,16/12/2017,19.1541653,18.92890774,18.96434508,78.49607915,58.850754,49.7893358,30.58717568,29.27943448,28.78902069
337,17/12/2017,19.19366836,18.96366222,18.99924184,78.35392734,58.62516378,49.57492108,30.57023768,29.26467021,28.77122817
338,18/12/2017,19.24872333,19.01391869,19.04965365,78.22227448,58.40861213,49.371845,30.57818569,29.27409935,28.77769909
339,19/12/2017,19.31775952,19.07813391,19.11404547,78.10163353,58.2022893,49.18114058,30.60989847,29.30677905,28.80747617
340,20/12/2017,19.39888624,19.15444832,19.19056514,77.99244054,58.00735479,49.00381342,30.66389568,29.3614189,28.85925368
341,21/12/2017,19.48994943,19.24074188,19.27709904,77.89508553,57.82494666,48.84085293,30.73838722,29.43642405,28.93142103
342,22/12/2017,19.58859416,19.33469579,19.37133359,77.80994001,57.65618717,48.69323967,30.83132738,29.52994303,29.0221111
343,23/12/2017,19.69233123,19.4338582,19.47082081,77.73737993,57.50218409,48.56194801,30.94047214,29.63991903,29.1292519
344,24/12/2017,19.79860598,19.535712,19.57304603,77.6778028,57.36402712,48.44794359,31.06343825,29.76414321,29.2506203
345,25/12/2017,19.90486727,19.63774288,19.67549576,77.63163828,57.24277927,48.35217559,31.19776251,29.90030876,29.38389645
346,26/12/2017,20.00863487,19.73750557,19.77572406,77.5993517,57.13946327,48.27556356,31.34095981,30.04606442,29.52671759
347,27/12/2017,20.1075632,19.83268663,19.87141525,77.58144027,57.05504326,48.21897941,31.49057862,30.19906624,29.67673001
348,28/12/2017,20.19949988,19.92116197,19.96044153,77.57842224,56.99040236,48.18322499,31.64425266,30.35702639,29.83163804
349,29/12/2017,20.28253737,20.00104764,20.04091393,77.59081941,56.94631688,48.16900605,31.79974771,30.5177581,29.98924907
350,30/12/2017,20.35505661,20.07074255,20.11122512,77.61913373,56.92342813,48.17690371,31.95500256,30.67921572,30.14751364
351,31/12/2017,20.41576121,20.12896205,20.17008329,77.66381916,56.92221305,48.20734455,32.1081635,30.83952939,30.30456005
352,1/1/2018,20.46370184,20.17476169,20.21653602,77.72525001,56.94295489,48.26057062,32.25761172,30.99703354,30.45872275
353,2/1/2018,20.49828989,20.20755056,20.24998398,77.80368726,56.98571534,48.33661086,32.40198332,31.150289,30.60856435
354,3/1/2018,20.51930059,20.22709417,20.27018395,77.8992444,57.05030945,48.43525529,32.54018188,31.29809847,30.75289089
355,4/1/2018,20.52686542,20.23350681,20.27724156,78.01185463,57.13628471,48.55603331,32.67138351,31.43951537,30.89076043
356,5/1/2018,20.52145446,20.22723415,20.2715941,78.14124091,57.24290573,48.69819754,32.79503487,31.57384603,31.02148511
357,6/1/2018,20.50384931,20.2090265,20.25398401,78.28689066,57.36914531,48.86071438,32.91084435,31.70064585,31.14462703
358,7/1/2018,20.47510758,20.17990389,20.22542421,78.44803649,57.51368336,49.04226207,33.01876722,31.81970951,31.25998825
359,8/1/2018,20.43652026,20.14111418,20.18715645,78.6236443,57.67491392,49.24123736,33.11898534,31.931056,31.3675957
360,9/1/2018,20.38956322,20.09408558,20.14060392,78.81240996,57.85096122,49.45577094,33.21188232,32.03490915,31.46768147
361,10/1/2018,20.33584466,20.04037509,20.08731987,79.01276514,58.03970462,49.68375214,33.29801499,32.13167423,31.56065936
362,11/1/2018,20.27704999,19.98161469,20.02893388,79.22289298,58.23881256,49.9228625,33.37808224,32.22191164,31.6470985
363,12/1/2018,20.21488592,19.91945672,19.96709724,79.44075364,58.44578496,50.17061804,33.45289208,32.30630837,31.72769477
364,13/1/2018,20.15102558,19.85552038,19.90342954,79.66411946,58.65800343,50.42441933,33.52332805,32.38564815,31.80324101
365,14/1/2018,20.08705621,19.79134089,19.83946764,79.8906192,58.87278815,50.68160828,33.59031578,32.46078115,31.87459686
366,15/1/2018,20.0244311,19.72832287,19.77661906,80.11779041,59.08746014,50.93953042,33.65479078,32.53259405,31.94265884
367,16/1/2018,19.96442712,19.66769924,19.7161207,80.34313856,59.29940736,51.195601,33.71766808,32.60198108,32.00833176
368,17/1/2018,19.90810919,19.61049704,19.65900451,80.56420143,59.50615283,51.44737304,33.77981463,32.66981704,32.07250177
369,18/1/2018,19.85630253,19.55751095,19.60607076,80.77861687,59.70542287,51.69260557,33.84202493,32.73693258,32.13601203
370,19/1/2018,19.80957362,19.50928527,19.55786983,80.98419191,59.89521333,51.92932977,33.90500052,32.80409246,32.19964111
371,20/1/2018,19.76822019,19.46610491,19.51469296,81.178971,60.07385191,52.1559111,33.96933355,32.87197713,32.2640849
372,21/1/2018,19.73227057,19.4279954,19.47657201,81.36130124,60.24005429,52.37110521,34.03549481,32.94116795,32.32994202
373,22/1/2018,19.70149217,19.39473195,19.44328826,81.52989218,60.3929724,52.57410585,34.1038262,33.01213621,32.39770306
374,23/1/2018,19.67540875,19.36585696,19.41438972,81.68386827,60.53223274,52.76458273,34.17453762,33.08523608,32.46774367
375,24/1/2018,19.6533259,19.34070557,19.38921637,81.82281169,60.65796347,52.94270801,34.24770827,33.1607014,32.54032151
376,25/1/2018,19.63436363,19.31843799,19.36693243,81.94679395,60.77080867,53.10916995,34.32329179,33.23864624,32.61557677
377,26/1/2018,19.61749511,19.29807784,19.34656444,82.05639475,60.87192911,53.26517283,34.40112525,33.31906895,32.69353628
378,27/1/2018,19.60159017,19.27855489,19.3270439,82.15270685,60.96298874,53.41242254,34.48094119,33.4018595,32.77412059
379,28/1/2018,19.58546204,19.25875089,19.30725305,82.23732629,61.04612666,53.55309765,34.56238241,33.4868095,32.85715392
380,29/1/2018,19.56791591,19.23754697,19.28607222,82.31232753,61.12391504,53.68980624,34.64501883,33.57362482,32.94237637
381,30/1/2018,19.54779754,19.21387096,19.26242709,82.38022381,61.19930328,53.82552906,34.7283659,33.66193998,33.02945797
382,31/1/2018,19.52404046,19.18674299,19.23533448,82.44391306,61.27554983,53.96355028,34.81190382,33.75133408,33.11801411
383,1/2/2018,19.49571005,19.15531805,19.20394491,82.50661065,61.35614286,54.10737711,34.8950971,33.84134754,33.20762174
384,2/2/2018,19.46204319,19.11892391,19.16758065,82.57177023,61.44471173,54.26065036,34.97741375,33.93149936,33.29783595
385,3/2/2018,19.42248209,19.0770931,19.12576797,82.64299482,61.54493147,54.42704799,35.05834365,34.02130419,33.38820643
386,4/2/2018,19.37670113,19.02958809,19.07826244,82.72394011,61.66042257,54.61018423,35.13741551,34.11028886,33.47829322
387,5/2/2018,19.3246259,18.9764185,19.02506643,82.81821269,61.79464884,54.81350682,35.21421201,34.19800791,33.56768152
388,6/2/2018,19.26644372,18.91784999,18.96643821,82.929266,61.95081608,55.04019528,35.28838282,34.28405769,33.65599508
389,7/2/2018,19.20260524,18.85440425,18.9028922,83.06029683,62.13177439,55.29306307,35.35965511,34.36808886,33.74290788
390,8/2/2018,19.13381705,18.78685022,18.83519045,83.21414545,62.33992691,55.57446637,35.42784141,34.4498167,33.82815388
391,9/2/2018,19.0610254,18.71618653,18.76432536,83.39320235,62.57714784,55.88622235,35.49284468,34.52902945,33.91153462
392,10/2/2018,18.98539161,18.64361589,18.69149422,83.59932443,62.84471213,56.22953946,35.5546606,34.60559413,33.99292455
393,11/2/2018,18.90825972,18.57051192,18.6180663,83.83376343,63.14323915,56.60496185,35.61337702,34.67946005,34.07227412
394,12/2/2018,18.8311175,18.49837963,18.54554343,84.0971088,63.4726524,57.01233009,35.66917084,34.75065994,34.14961049
395,13/2/2018,18.75555193,18.42881051,18.47551531,84.38924736,63.83215662,57.45075954,35.72230236,34.81930862,34.22503606
396,14/2/2018,18.68320046,18.36343385,18.40961079,84.70934103,64.22023358,57.91863762,35.77310746,34.88559955,34.29872493
397,15/2/2018,18.61569969,18.30386562,18.34944686,85.05582407,64.63465698,58.41364029,35.82198787,34.94979922,34.37091741
398,16/2/2018,18.55463291,18.25165647,18.29657659,85.42642023,65.07252677,58.93276815,35.86939987,35.01223978,34.4419128
399,17/2/2018,18.50147826,18.20824068,18.252438,85.81818,65.53032223,59.47240139,35.91584175,35.07330996,34.51206073
400,18/2/2018,18.45755907,18.17488742,18.21830524,86.22753728,66.00397295,60.02837265,35.96184052,35.13344472,34.58175139
401,19/2/2018,18.42399797,18.15265609,18.19524369,86.65038466,66.4889462,60.59605634,36.00793811,35.19311394,34.65140474
402,20/2/2018,18.40167631,18.142357,18.1840705,87.08216533,66.98034872,61.17047228,36.05467757,35.25281022,34.72145924
403,21/2/2018,18.39120009,18.14451891,18.18532182,87.51797971,67.47304046,61.74640124,36.10258953,35.31303651,34.79236026
404,22/2/2018,18.39287374,18.15936428,18.1992278,87.95270418,67.96175759,62.31850953,36.15217941,35.37429351,34.86454851
405,23/2/2018,18.40668235,18.18679328,18.22569632,88.38111874,68.44124147,62.88147949,36.20391543,35.4370674,34.93844879
406,24/2/2018,18.43228342,18.22637714,18.26430601,88.7980404,68.90637051,63.43014246,36.25821806,35.50181801,35.01445925
407,25/2/2018,18.46900808,18.27736112,18.31430895,89.19845883,69.35229121,63.95961081,36.3154507,35.56896791,35.09294158
408,26/2/2018,18.51587224,18.33867725,18.37464307,89.57767031,69.77454495,64.46540531,36.3759122,35.63889243,35.17421211
409,27/2/2018,18.57159719,18.4089665,18.4439541,89.93140655,70.16918708,64.94357455,36.439831,35.711911,35.25853421
410,28/2/2018,18.63463935,18.48660995,18.5206265,90.25595459,70.53289497,65.39080284,36.50736119,35.7882799,35.34611199
411,1/3/2018,18.70322831,18.56976808,18.60282252,90.54826427,70.86306182,65.80450364,36.57858042,35.86818659,35.43708559
412,2/3/2018,18.77541214,18.65642721,18.6885285,90.80604032,71.15787369,66.1828958,36.6534897,35.95174569,35.53152788
413,3/3/2018,18.84910874,18.74445167,18.77560702,91.02781589,71.41636719,66.52506005,36.73201495,36.03899673,35.6294429
414,4/3/2018,18.92216182,18.83164051,18.86185344,91.21300557,71.63846605,66.83097417,36.81401032,36.12990367,35.73076587
415,5/3/2018,18.99239978,18.91578679,18.94505539,91.36193574,71.82499536,67.10152532,36.89926306,36.22435613,35.83536479
416,6/3/2018,19.05769606,18.9947381,19.02305328,91.4758513,71.97767247,67.33849901,36.9874998,36.32217241,35.94304356
417,7/3/2018,19.11602885,19.06645632,19.09380023,91.55689797,72.09907471,67.54454441,37.07839408,36.42310402,36.0535466
418,8/3/2018,19.16553879,19.12907497,19.15541972,91.60808033,72.19258421,67.72311681,37.17157491,36.52684185,36.16656479
419,9/3/2018,19.20458268,19.18095245,19.20625906,91.63319637,72.26231109,67.87839815,37.26663614,36.63302363,36.28174257
420,10/3/2018,19.23178167,19.22071962,19.24493734,91.63674986,72.31299667,68.01519761,37.36314641,36.7412426,36.39868619
421,11/3/2018,19.24606258,19.24732023,19.27038619,91.62384257,72.34989889,68.13883439,37.46065952,36.85105728,36.51697271
422,12/3/2018,19.24669095,19.26004296,19.2818823,91.60004907,72.37866289,68.25500569,37.55872487,36.96200193,36.6361598
423,13/3/2018,19.23329489,19.25854414,19.27907057,91.57127696,72.40517984,68.36964313,37.65689792,37.07359771,36.75579593
424,14/3/2018,19.2058788,19.24286032,19.26197708,91.54361636,72.43543761,68.48876112,37.75475031,37.18536409,36.87543085
425,15/3/2018,19.16482672,19.21341031,19.23101163,91.52318238,72.4753671,68.61830118,37.85187957,37.29683049,36.99462623
426,16/3/2018,19.11089488,19.17098651,19.18695945,91.51595474,72.5306882,68.76397626,37.94791809,37.40754769,37.11296597
427,17/3/2018,19.04519373,19.1167356,19.13096234,91.52761878,72.60675947,68.93111896,38.04254142,37.5170989,37.23006626
428,18/3/2018,18.96915975,19.05212921,19.06448965,91.56341218,72.70843544,69.12453791,38.13547545,37.62511025,37.34558505
429,19/3/2018,18.88451789,18.97892523,18.9892999,91.62798145,72.83993537,69.34838595,38.22650268,37.73126036,37.45923063
430,20/3/2018,18.79323556,18.89912072,18.90739398,91.72525232,73.00472704,69.60604383,38.31546716,37.83528892,37.57076938
431,21/3/2018,18.69746941,18.81489785,18.82096118,91.85831734,73.20542877,69.90002246,38.40227823,37.93700394,37.6800322
432,22/3/2018,18.59950642,18.72856424,18.73231964,92.0293442,73.44373229,70.23188662,38.48691291,38.0362876,37.78691977
433,23/3/2018,18.50170083,18.64248934,18.64385274,92.23950714,73.72034879,70.60220215,38.56941687,38.13310047,37.89140622
434,24/3/2018,18.40640878,18.55903868,18.55794324,92.48894373,74.03497965,71.01050829,38.649904,38.22748396,37.99354127
435,25/3/2018,18.31592249,18.48050781,18.47690706,92.77673823,74.38631292,71.45531613,38.72855454,38.31956096,38.0934507
436,26/3/2018,18.23240567,18.40905778,18.40292845,93.10093228,74.7720457,71.93413329,38.80561183,38.40953458,38.1913351
437,27/3/2018,18.15783223,18.34665396,18.3379985,93.45856301,75.18893215,72.44351457,38.88137762,38.49768494,38.28746676
438,28/3/2018,18.09392986,18.29501001,18.28385861,93.84572751,75.63285602,72.97913723,38.95620605,38.58436397,38.38218487
439,29/3/2018,18.04213016,18.25553848,18.24195072,94.25767242,76.09892595,73.53589938,39.03049648,38.66998843,38.47588901
440,30/3/2018,18.00352678,18.22930962,18.21337544,94.68890641,76.58159125,74.1080388,39.10468497,38.75503106,38.56903088
441,31/3/2018,17.97884268,18.21701942,18.19885956,95.13333263,77.07477529,74.68926949,39.17923491,38.8400101,38.66210458
442,1/4/2018,17.96840763,18.21896794,18.19873374,95.58439795,77.57202309,75.27293242,39.25462661,38.92547731,38.75563546
443,2/4/2018,17.97214642,18.23504849,18.21292108,96.03525504,78.06665946,75.85215657,39.3313462,39.01200472,38.85016776
444,3/4/2018,17.98957838,18.2647481,18.24093692,96.47893326,78.55195351,76.42002642,39.40987397,39.10017033,38.9462513
445,4/4/2018,18.01982799,18.30715912,18.28189988,96.90851374,79.02128555,76.96975139,39.49067236,39.19054317,39.04442743
446,5/4/2018,18.06164662,18.36100192,18.33455393,97.31730427,79.46831181,77.49483294,39.57417373,39.28366775,39.1452145
447,6/4/2018,18.11344454,18.42465786,18.39730088,97.69900934,79.88712303,77.98922514,39.66076837,39.38004867,39.24909331
448,7/4/2018,18.17333251,18.49621171,18.4682423,98.04789086,80.27239261,78.44748448,39.7507927,39.48013526,39.35649264
449,8/4/2018,18.23917178,18.57350237,18.54522994,98.35891544,80.6195106,78.86490511,39.84451818,39.58430706,39.46777547
450,9/4/2018,18.30863104,18.65418057,18.62592302,98.6278842,80.92470012,79.23763605,39.94214108,39.69286024,39.58322596
451,10/4/2018,18.37924881,18.73577169,18.70785099,98.85154188,81.18511312,79.56277733,40.04377333,39.80599535,39.70303783
452,11/4/2018,18.44849959,18.81574232,18.78847989,99.02766225,81.39890311,79.83845262,40.14943479,39.92380697,39.82730421
453,12/4/2018,18.51386176,18.89156839,18.86528057,99.15510761,81.56527294,80.06385656,40.25904719,40.04627529,39.95600947
454,13/4/2018,18.57288553,18.96080321,18.93579678,99.23386082,81.68449651,80.2392755,40.37242993,40.17326012,40.08902327
455,14/4/2018,18.62325893,19.02114332,18.99771137,99.26502918,81.75791385,80.36608133,40.48929791,40.30449757,40.22609704
456,15/4/2018,18.66287004,19.07049058,19.04890858,99.25081976,81.78789975,80.44669836,40.60926166,40.43959949,40.36686314
457,16/4/2018,18.68986377,19.10700846,19.08753086,99.19448721,81.77780683,80.48454451,40.73182979,40.57805601,40.51083685
458,17/4/2018,18.70269153,19.12917133,19.11202857,99.10025528,81.73188462,80.48394808,40.85641402,40.71924103,40.65742136
459,18/4/2018,18.70015249,19.13580503,19.1212012,98.97321411,81.65517673,80.45004252,40.98233655,40.86242085,40.80591556
460,19/4/2018,18.68142528,19.12611792,19.11422899,98.81919623,81.55339885,80.38864185,41.10884004,41.00676588,40.95552495
461,20/4/2018,18.64608926,19.09972135,19.0906941,98.64463429,81.43280092,80.3061001,41.23509991,41.15136512,41.10537515
462,21/4/2018,18.5941348,19.05663912,19.05059074,98.45640456,81.30001685,80.20915838,41.36023893,41.2952434,41.25452817
463,22/4/2018,18.52596231,18.99730566,18.99432406,98.26166016,81.1619059,80.10478356,41.48334384,41.43738091,41.4020009
464,23/4/2018,18.44237005,18.92255303,18.92269775,98.06765844,81.02538965,80.00000268,41.6034837,41.57673474,41.54678571
465,24/4/2018,18.3445312,18.83358713,18.83689099,97.88158708,80.89728898,79.90173746,41.71972975,41.71226202,41.68787247
466,25/4/2018,18.23396071,18.73195381,18.73842506,97.71039328,80.78416488,79.81664297,41.8311762,41.84294407,41.82427185
467,26/4/2018,18.11247306,18.61949589,18.62912094,97.56062069,80.6921675,79.75095457,41.93696171,41.96781101,41.95503906
468,27/4/2018,17.98213205,18.49830233,18.51104887,97.438258,80.62689686,79.71034701,42.03629094,42.08596639,42.07929772
469,28/4/2018,17.84519404,18.37065097,18.38647149,97.34860315,80.59327885,79.69980902,42.12845562,42.19661096,42.19626303
470,29/4/2018,17.70404634,18.23894652,18.25778202,97.29614652,80.59545953,79.72353647,42.21285477,42.29906523,42.30526381
471,30/4/2018,17.56114249,18.1056555,18.12743938,97.28447591,80.63672,79.78484662,42.28901336,42.39278999,42.40576272
472,1/5/2018,17.41893614,17.97323999,17.99790195,97.31620554,80.71941398,79.88611528,42.35659884,42.47740425,42.49737408
473,2/5/2018,17.27981554,17.84409211,17.87156195,97.39293064,80.84492926,80.02873828,42.41543526,42.55270007,42.57987865
474,3/5/2018,17.14604043,17.72047096,17.75068221,97.51520849,81.0136737,80.21311775,42.46551409,42.61865371,42.65323496
475,4/5/2018,17.01968302,17.60444382,17.63733702,97.68256599,81.22508565,80.43867326,42.50700173,42.67543264,42.71758676
476,5/5/2018,16.90257475,17.49783326,17.53335889,97.89353325,81.47766834,80.70387707,42.54024297,42.72339816,42.77326599
477,6/5/2018,16.79626033,17.40217156,17.44029246,98.14570182,81.76904667,81.00631221,42.56576035,42.76310319,42.82079131
478,7/5/2018,16.70196021,17.31866371,17.35935691,98.4358057,82.09604473,81.3427514,42.58424905,42.79528521,42.86086179
479,8/5/2018,16.62054253,17.24815988,17.29141789,98.75982255,82.45478154,81.70925443,42.59656732,42.82085433,42.89434576
480,9/5/2018,16.55250529,17.19113825,17.23696961,99.11309209,82.84078216,82.10128102,42.60372242,42.84087643,42.92226496
481,10/5/2018,16.49796909,17.14769837,17.1961276,99.49044812,83.24910096,82.51381602,42.60685211,42.85655174,42.94577404
482,11/5/2018,16.45668068,17.11756531,17.16863215,99.88636052,83.67445352,82.94150323,42.60720206,42.86918911,42.96613589
483,12/5/2018,16.428027,17.1001044,17.15386235,100.295083,84.11135359,83.37878425,42.60609951,42.88017656,42.98469314
484,13/5/2018,16.41105934,17.09434589,17.1508602,100.7108027,84.55425118,83.8200386,42.60492356,42.89094851,43.00283636
485,14/5/2018,16.4045267,17.09901895,17.158364,101.1277873,84.99766827,84.25972117,42.60507282,42.90295056,43.02196981
486,15/5/2018,16.40691752,17.1125938,17.17484997,101.5405262,85.43632842,84.69249363,42.60793101,42.91760256,43.04347524
487,16/5/2018,16.41650833,17.13333077,17.19858094,101.943861,85.86527707,85.11334627,42.61483134,42.93626077,43.06867488
488,17/5/2018,16.43141791,17.1593348,17.22766048,102.3331033,86.27998941,85.51770733,42.62702048,42.96018019,43.09879428
489,18/5/2018,16.44966548,17.18861375,17.26009105,102.7041353,86.67646328,85.90153715,42.64562306,42.9904778,43.13492612
490,19/5/2018,16.46923097,17.21913887,17.29383432,103.0534928,87.05129503,86.26140493,42.67160757,43.02809796,43.1779959
491,20/5/2018,16.48811585,17.24890555,17.32687202,103.3784264,87.40173655,86.59454668,42.70575466,43.0737807,43.22873039
492,21/5/2018,16.50440261,17.27599273,17.35726542,103.6769416,87.72573268,86.89890303,42.7486287,43.128034,43.28762998
493,22/5/2018,16.51631126,17.29861918,17.3832119,103.9478162,88.02193826,87.17313673,42.80055356,43.19111072,43.35494549
494,23/5/2018,16.52225117,17.31519505,17.40309688,104.1905953,88.28971519,87.41662971,42.86159326,43.26299127,43.43066057
495,24/5/2018,16.52086683,17.32436726,17.41553966,104.4055652,88.52911009,87.62946056,42.93153842,43.34337233,43.51448009
496,25/5/2018,16.51107626,17.32505748,17.41943197,104.5937063,88.74081367,87.81236365,43.00989889,43.43166243,43.60582513
497,26/5/2018,16.49210098,17.31649163,17.4139681,104.7566284,88.92610385,87.96667156,43.09590325,43.5269846,43.70383514
498,27/5/2018,16.46348676,17.29822011,17.39866584,104.8964894,89.08677445,88.09424315,43.18850522,43.62818638,43.80737722
499,28/5/2018,16.42511466,17.27012828,17.37337768,105.0159015,89.22505224,88.19737963,43.28639743,43.73385718,43.91506283
500,29/5/2018,16.377202,17.232437,17.3382921,105.117827,89.34350505,88.2787317,43.38803224,43.84235288,44.02527156
501,30/5/2018,16.3202935,17.18569316,17.2939249,105.205468,89.44494397,88.34120059,43.4916495,43.95182723,44.13618186
502,31/5/2018,16.25524273,17.13075077,17.24110099,105.2821528,89.53232276,88.38783627,43.59531093,44.06026965,44.24580807
503,1/6/2018,16.18318465,17.06874305,17.18092721,105.3512226,89.60863763,88.42173591,43.6969403,44.16554857,44.3520431
504,2/6/2018,16.1055001,17.00104657,17.11475712,105.4159233,89.67683037,88.44594579,43.79436881,44.2654595,44.45270585
505,3/6/2018,16.02377316,16.92923845,17.04414875,105.4793032,89.73969771,88.46336924,43.88538469,44.35777686,44.54559251
506,4/6/2018,15.93974302,16.85504798,16.97081675,105.544122,89.79980958,88.47668365,43.96778592,44.44030817,44.62853032
507,5/6/2018,15.85525153,16.78030414,16.89658025,105.6127722,89.85943845,88.4882685,44.03943481,44.51094964,44.69943278
508,6/6/2018,15.77218812,16.70688058,16.82330818,105.6872158,89.92050163,88.50014648,44.09831325,44.56774155,44.75635487
509,7/6/2018,15.69243377,16.63663974,16.75286345,105.7689373,89.98451808,88.51393903,44.1425772,44.60892217,44.79754679
510,8/6/2018,15.61780557,16.57137764,16.68704785,105.8589155,90.05258047,88.5308374,44.17060899,44.63297877,44.82150506
511,9/6/2018,15.55000365,16.51277117,16.62754922,105.9576122,90.12534309,88.55158951,44.18106611,44.63869437,44.82701935
512,10/6/2018,15.49056189,16.46232918,16.57589232,106.0649803,90.20302542,88.57650261,44.17292507,44.62518888,44.8132139
513,11/6/2018,15.4408039,16.42134902,16.53339504,106.1804888,90.28543085,88.60546121,44.14551904,44.5919535,44.77958219
514,12/6/2018,15.40180549,16.39087956,16.50113098,106.3031648,90.37197943,88.63795912,44.09856822,44.53887714,44.72601388
515,13/6/2018,15.37436475,16.37169185,16.47989954,106.4316494,90.46175316,88.67314418,44.03220176,44.4662642,44.65281294
516,14/6/2018,15.35898047,16.36425822,16.47020447,106.5642663,90.55355198,88.70987372,43.94697051,44.37484267,44.56070639
517,15/6/2018,15.35583953,16.36874029,16.47224111,106.6991006,90.6459582,88.74677873,43.84384983,44.26576238,44.45084296
518,16/6/2018,15.36481358,16.3849863,16.48589302,106.8340842,90.73740692,88.78233394,43.72423225,44.14058279,44.32478156
519,17/6/2018,15.38546492,16.41253762,16.51073774,106.9670854,90.82625987,88.81493164,43.58990962,44.0012506,44.1844693
520,18/6/2018,15.41706144,16.45064429,16.54606149,107.0959989,90.91087989,88.84295611,43.44304496,43.85006727,44.03220948
521,19/6/2018,15.45860011,16.49828898,16.59088241,107.2188338,90.98970353,88.86485627,43.28613432,43.68964688,43.87061994
522,20/6/2018,15.50883811,16.55421861,16.64398141,107.3337959,91.06130887,88.87921385,43.12195929,43.52286526,43.70258243
523,21/6/2018,15.56633077,16.61698264,16.70393977,107.4393615,91.12447652,88.88480462,42.95353111,43.35280125,43.53118415
524,22/6/2018,15.62947501,16.6849768,16.76918223,107.5343407,91.17824136,88.88065061,42.78402731,43.18267137,43.35965246
525,23/6/2018,15.69655708,16.75649091,16.83802429,107.6179272,91.22193329,88.8660614,42.61672249,43.01575921,43.19128437
526,24/6/2018,15.76580291,16.82975941,16.90872221,107.6897329,91.25520552,88.84066306,42.45491448,42.85534133,43.02937223
527,25/6/2018,15.83542982,16.90301292,16.97952427,107.749807,91.27804946,88.80441376,42.30184785,42.70461109,42.87712738
528,26/6/2018,15.90369783,16.97452938,17.04872168,107.7986378,91.29079551,88.75760543,42.16063632,42.56660253,42.73760364
529,27/6/2018,15.96895909,17.04268328,17.11469758,107.837137,91.29409978,88.70085137,42.03418615,42.44411593,42.6136224
530,28/6/2018,16.02970398,17.10599132,17.1759728,107.8666083,91.28891714,88.6350603,41.92512233,42.33964693,42.50770121
531,29/6/2018,16.08460258,17.16315341,17.23124691,107.8886994,91.27646142,88.56139763,41.83571944,42.25532121,42.42198779
532,30/6/2018,16.13254014,17.21308763,17.27943339,107.9053402,91.25815415,88.48123533,41.76783911,42.19283621,42.3582011
533,1/7/2018,16.17264569,17.25495822,17.31968793,107.9186689,91.23556357,88.39609206,41.72287566,42.15341165,42.31758104
534,2/7/2018,16.20431294,17.28819578,17.3514291,107.9309482,91.21033586,88.30756568,41.70171162,42.13775017,42.30084848
535,3/7/2018,16.22721286,17.31250919,17.37435069,107.9444743,91.18412115,88.21726039,41.70468434,42.14600937,42.30817642
536,4/7/2018,16.24129765,17.32788885,17.38842556,107.9614826,91.15849674,88.12671118,41.73156483,42.17778611,42.33917371
537,5/7/2018,16.24679612,17.33460132,17.39390086,107.9840517,91.13489017,88.03730816,41.78154976,42.23211375,42.39288159
538,6/7/2018,16.24420054,17.33317553,17.39128488,108.0140106,91.11450512,87.95022347,41.85326696,42.30747274,42.46778377
539,7/7/2018,16.23424564,17.32438098,17.38132598,108.0528517,91.09825248,87.86634354,41.94479475,42.40181453,42.56182986
540,8/7/2018,16.21788018,17.30919887,17.36498427,108.101652,91.08668944,87.78620915,42.05369489,42.51259852,42.67247204
541,9/7/2018,16.19623237,17.28878678,17.343397,108.1610067,91.07996878,87.70996561,42.17705866,42.63684143,42.79671427
542,10/7/2018,16.17056988,17.26443832,17.31783878,108.2309766,91.07780045,87.63732507,42.31156525,42.77117821,42.93117311
543,11/7/2018,16.14225598,17.23753878,17.28967781,108.3110521,91.07942709,87.56754271,42.45355137,42.91193315,43.07214903
544,12/7/2018,16.11270307,17.20951841,17.26032956,108.4001351,91.08361478,87.49940786,42.59909045,43.05519976,43.21570658
545,13/7/2018,16.08332502,17.18180446,17.23120932,108.4965401,91.08865977,87.4312511,42.74407995,43.19692758,43.35776161
546,14/7/2018,16.05548986,17.15577385,17.20368509,108.5980143,91.09241154,87.3609673,42.88433452,43.33301404,43.49417381
547,15/7/2018,16.03047427,17.13270754,17.17903221,108.7017779,91.09231196,87.28605464,43.01568321,43.45939918,43.6208421
548,16/7/2018,16.00942122,17.11374831,17.15839126,108.8045829,91.08544975,87.20366876,43.13406805,43.57216106,43.73380093
549,17/7/2018,15.99330213,17.099863,17.14273032,108.9027888,91.06862911,87.11069077,43.23564197,43.66760945,43.82931497
550,18/7/2018,15.98288459,17.09181057,17.1328129,108.9924548,91.03845074,87.00380752,43.31686339,43.74237567,43.90396994
551,19/7/2018,15.97870672,17.0901167,17.12917246,109.069444,90.99140325,86.87960194,43.37458534,43.79349624,43.95475733
552,20/7/2018,15.98105895,17.09505598,17.13209424,109.1295388,90.92396224,86.73465104,43.40613657,43.81848824,43.9791509
553,21/7/2018,15.98997359,17.10664192,17.141605,109.168563,90.8326946,86.56562871,43.40939281,43.81541446,43.97517289
554,22/7/2018,16.00522274,17.1246253,17.15747092,109.182507,90.71436469,86.36941046,43.38283605,43.78293652,43.94144819
555,23/7/2018,16.02632437,17.14850077,17.17920378,109.1676535,90.56603957,86.14317697,43.32560024,43.72035468,43.87724508
556,24/7/2018,16.05255652,17.17752155,17.20607512,109.120699,90.38518992,85.88451326,43.23750217,43.62763289,43.7825012
557,25/7/2018,16.08297903,17.21072167,17.23713796,109.0388677,90.16978368,85.59150047,43.11905632,43.50540862,43.65783399
558,26/7/2018,16.11646226,17.24694518,17.27125553,108.9200139,89.91836931,85.26279734,42.97147331,43.35498663,43.50453512
559,27/7/2018,16.15172178,17.28488136,17.30713587,108.7627107,89.63014616,84.89770873,42.79664145,43.17831691,43.3245488
560,28/7/2018,16.18735812,17.32310478,17.34337146,108.5663201,89.30501938,84.49623874,42.59709178,42.97795696,43.12043419
561,29/7/2018,16.2219001,17.36011921,17.37848263,108.3310447,88.94363752,84.05912664,42.37594712,42.7570191,42.89531279
562,30/7/2018,16.25385076,17.39440374,17.41096326,108.0579561,88.54741114,83.58786401,42.13685612,42.51910397,42.65280167
563,31/7/2018,16.28173414,17.42445994,17.4393276,107.7490008,88.11851165,83.08469211,41.88391369,42.26822155,42.3969341
564,1/8/2018,16.30414174,17.44885852,17.46215664,107.4069827,87.6598497,82.55257918,41.62156962,42.00870152,42.13206928
565,2/8/2018,16.31977714,17.46628416,17.47814271,107.0355205,87.1750333,81.99517772,41.35452731,41.74509498,41.86279328
566,3/8/2018,16.32749738,17.475577,17.48613086,106.6389827,86.66830651,81.41676241,41.08763514,41.48206971,41.59381336
567,4/8/2018,16.32635002,17.47576972,17.4851559,106.2224009,86.14446969,80.82215013,40.82577282,41.22430162,41.32984828
568,5/8/2018,16.31560452,17.46611902,17.47447394,105.7913622,85.60878333,80.21660373,40.57373559,40.97636468,41.07551707
569,6/8/2018,16.29477725,17.44613054,17.45358736,105.3518853,85.06685759,79.60572182,40.33611895,40.74262225,40.83522909
570,7/8/2018,16.26364922,17.41557652,17.42226275,104.9102816,84.52453041,78.99531749,40.11720678,40.52712231,40.61307784
571,8/8/2018,16.22227604,17.3745057,17.380541,104.4730065,83.9877371,78.39128876,39.9208657,40.33349907,40.41274138
572,9/8/2018,16.17098985,17.32324506,17.32873945,104.0465031,83.46237484,77.79948433,39.75044816,40.1648836,40.23739157
573,10/8/2018,16.11039322,17.26239362,17.26744596,103.6370437,82.95416574,77.22556799,39.60870681,40.0238256,40.08961463
574,11/8/2018,16.04134507,17.19280819,17.19750517,103.2505736,82.46852183,76.67488533,39.49772247,39.91222829,39.97134498
575,12/8/2018,15.96493926,17.11558178,17.11999725,102.8925598,82.01041586,76.15233637,39.41884746,39.83129818,39.88381395
576,13/8/2018,15.88247634,17.03201524,17.03621004,102.5678511,81.58426122,75.66225751,39.37266582,39.78151103,39.827515
577,14/8/2018,15.7954294,16.94358291,16.94760511,102.2805516,81.1938044,75.20831608,39.35897185,39.76259497,39.80218624
578,15/8/2018,15.70540509,16.85189359,16.85577913,102.0339121,80.84203285,74.79342032,39.37676732,39.77353136,39.80681092
579,16/8/2018,15.61410096,16.75864767,16.76242143,101.8302433,80.53110095,74.4196475,39.42427792,39.81257343,39.83963591
580,17/8/2018,15.52326036,16.66559205,16.66926922,101.670851,80.2622761,74.08819209,39.49898855,39.87728257,39.89820815
581,18/8/2018,15.4346264,16.57447395,16.57806171,101.5559988,80.03590667,73.79933556,39.59769693,39.96458132,39.97942796
582,19/8/2018,15.3498962,16.48699517,16.49049457,101.484896,79.85141262,73.55243883,39.71658429,40.0708221,40.07961842
583,20/8/2018,15.27067687,16.40476805,16.40817611,101.4557139,79.70729938,73.34595763,39.85130165,40.19186999,40.19460898
584,21/8/2018,15.19844455,16.32927449,16.33258633,101.4656294,79.60119469,73.1774806,39.99706974,40.32319782,40.31983161
585,22/8/2018,15.13450764,16.26182921,16.26504021,101.5108946,79.5299076,73.04378911,40.14879025,40.45999118,40.45042709
586,23/8/2018,15.07997534,16.20354834,16.20665625,101.5869314,79.48950808,72.94093757,40.30116579,40.59726112,40.58135911
587,24/8/2018,15.0357324,16.15532417,16.15833109,101.6884482,79.47542537,72.86435188,40.44882573,40.72996162,40.70753327
588,25/8/2018,15.00242072,16.11780679,16.12072096,101.8095766,79.48256251,72.80894376,40.586455,40.85310924,40.8239184
589,26/8/2018,14.98042838,16.09139322,16.0942305,101.9440236,79.50542399,72.76923781,40.70892257,40.96190203,40.9256671
590,27/8/2018,14.96988627,16.07622396,16.07900911,102.0852355,79.53825333,72.73950809,40.81140674,41.05183473,41.00823264
591,28/8/2018,14.97067239,16.07218738,16.07495487,102.2265697,79.57517683,72.71392054,40.88951391,41.11880764,41.06747942
592,29/8/2018,14.98242355,16.07893137,16.08172589,102.3614698,79.61034986,72.68667751,40.93938817,41.15922638,41.0997843
593,30/8/2018,15.004554,16.09588197,16.09875853,102.4836382,79.63810166,72.65216064,40.95780879,41.1700902,41.10212624
594,31/8/2018,15.03628044,16.1222683,16.12529188,102.5872028,79.65307502,72.60506817,40.94227327,41.14906656,41.07216215
595,1/9/2018,15.0766524,16.15715283,16.16039771,102.6668734,79.65035696,72.5405432,40.89106383,41.09455023,41.00828691
596,2/9/2018,15.12458697,16.19946605,16.20301472,102.7180815,79.62559702,72.45428937,40.80329565,41.00570538,40.90967625
597,3/9/2018,15.1789068,16.24804431,16.25198605,102.7371029,79.57511013,72.34267104,40.67894551,40.8824896,40.77631119
598,4/9/2018,15.23838011,16.30166962,16.3060988,102.7211567,79.49596123,72.20279521,40.51886009,40.72565915,40.60898348
599,5/9/2018,15.3017612,16.35911006,16.36412415,102.6684795,79.38602948,72.03257315,40.32474366,40.53675541,40.40928189
600,6/9/2018,15.36783038,16.41915944,16.42485686,102.5783731,79.24405046,71.83076014,40.09912517,40.3180726,40.17955948
601,7/9/2018,15.43543184,16.48067498,16.48715284,102.4512226,79.0696352,71.59697224,39.84530564,40.07260767,39.92288268
602,8/9/2018,15.50350829,16.54261172,16.54996353,102.2884862,78.86326578,71.33167994,39.56728693,39.80399334,39.64296332
603,9/9/2018,15.57113119,16.60405258,16.6123659,102.0926555,78.62626746,71.03617876,39.26968345,39.51641604,39.34407518
604,10/9/2018,15.63752567,16.664233,16.67358728,101.8671884,78.36075851,70.71253784,38.95761895,39.21452059,39.03095704
605,11/9/2018,15.70208927,16.72255954,16.73302406,101.6164156,78.0695789,70.36352796,38.63661085,38.90330379,38.70870456
606,12/9/2018,15.76440384,16.77862162,16.79025369,101.3454226,77.7562001,69.99253112,38.31244468,38.58799972,38.38265344
607,13/9/2018,15.82424037,16.83219619,16.84503965,101.0599125,77.4246184,69.60343414,37.99104176,38.27395911,38.0582568
608,14/9/2018,15.88155652,16.88324517,16.89732915,100.7660505,77.07923478,69.20050942,37.67832316,37.96652607,37.74095958
609,15/9/2018,15.93648684,16.93190566,16.94724379,100.4702963,76.72472471,68.78828605,37.38007334,37.67091472,37.436073
610,16/9/2018,15.98932629,16.97847337,16.99506341,100.1792282,76.36590133,68.37141499,37.10180649,37.392089,37.14865216
611,17/9/2018,16.04050732,17.02337984,17.04120362,99.8993629,76.00757606,67.95453194,36.848639,37.13464837,36.88337953
612,18/9/2018,16.09057154,17.06716412,17.08618803,99.63697726,75.65442016,67.54212188,36.62517099,36.90272208,36.64445728
613,19/9/2018,16.14013678,17.11044004,17.13061588,99.39793576,75.3108313,67.13838879,36.43537976,36.69987467,36.43551092
614,20/9/2018,16.18986079,17.1538601,17.17512628,99.18752858,74.98080861,66.74713432,36.28252775,36.52902488,36.25950659
615,21/9/2018,16.24040281,17.1980772,17.22036039,99.01032481,74.66783971,66.37164862,36.16908716,36.39237982,36.1186839
616,22/9/2018,16.29238426,17.2437057,17.26692278,98.8700445,74.37480273,66.01461642,36.09668306,36.29138606,36.01450601
617,23/9/2018,16.34635008,17.29128305,17.31534327,98.76945324,74.10388596,65.67804073,36.06605633,36.22669869,35.94762796
618,24/9/2018,16.40273208,17.34123344,17.36604083,98.71028188,73.8565273,65.36318641,36.07704733,36.19816916,35.91788412
619,25/9/2018,16.46181552,17.39383472,17.41929067,98.69317372,73.63337511,65.07054498,36.12860058,36.20485193,35.92429493
620,26/9/2018,16.52371032,17.44919005,17.4751959,98.71766054,73.43427138,64.79982162,36.21879045,36.24502999,35.96509272
621,27/9/2018,16.58832799,17.50720506,17.53366473,98.78216801,73.25825772,64.5499446,36.34486712,36.31625838,36.03776598
622,28/9/2018,16.65536516,17.56757182,17.59439432,98.88405059,73.10360384,64.31909692,36.50332162,36.41542468,36.13912097
623,29/9/2018,16.72429463,17.62976009,17.65686196,99.01965468,72.9678577,64.1047691,36.68996852,36.53882502,36.26535905
624,30/9/2018,16.79436423,17.69301655,17.72032398,99.18440861,72.84791592,63.90383169,36.90004414,36.6822536,36.41216798
625,1/10/2018,16.86460409,17.75637221,17.78382298,99.37293687,72.74011232,63.7126254,37.12831786,36.84110368,36.5748248
